
BSSID, First time seen, Last time seen, channel, Speed, Privacy, Cipher, Authentication, Power, # beacons, # IV, LAN IP, ID-length, ESSID, Key
70:5D:CC:AE:3B:D4, 2021-08-01 22:01:41, 2021-08-01 22:04:54,  9, 720, WPA2, CCMP, PSK, -54,      913,     6936,   0.  0.  0.  0,   7, syl1230, 

Station MAC, First time seen, Last time seen, Power, # packets, BSSID, Probed ESSIDs
88:57:1D:3D:55:83, 2021-08-01 22:02:41, 2021-08-01 22:03:00,  -1,        5, 70:5D:CC:AE:3B:D4,
88:57:1D:62:46:56, 2021-08-01 22:02:05, 2021-08-01 22:04:41, -71,       33, 70:5D:CC:AE:3B:D4,

