
BSSID, First time seen, Last time seen, channel, Speed, Privacy, Cipher, Authentication, Power, # beacons, # IV, LAN IP, ID-length, ESSID, Key
80:CA:4B:2A:1F:4A, 2021-08-01 22:06:11, 2021-08-01 22:07:48,  5, 130, WPA2, CCMP, PSK, -49,      538,       62,   0.  0.  0.  0,   9, U+Net1F48, 

Station MAC, First time seen, Last time seen, Power, # packets, BSSID, Probed ESSIDs
2E:07:D8:BF:3B:8D, 2021-08-01 22:06:18, 2021-08-01 22:07:12, -73,       22, 80:CA:4B:2A:1F:4A,
BC:76:5E:63:14:03, 2021-08-01 22:06:54, 2021-08-01 22:06:54,  -1,        2, 80:CA:4B:2A:1F:4A,

